{
  "151FS": {
    "city": "Toronto",
    "coordinates": {
      "lat": "43.644672",
      "lon": "-79.384128"
    },
    "country": "CA",
    "facility_name": "Telehouse Toronto (151 Front St West)",
    "org_id": 7,
    "org_name": "Telehouse - Global Data Centers",
    "peeringdb_id": "392"
  },
  "165HS": {
    "city": "Newark",
    "coordinates": {
      "lat": "40.736844",
      "lon": "-74.173402"
    },
    "country": "US",
    "facility_name": "165 Halsey Meet-Me Room",
    "org_id": 616,
    "org_name": "Tishman Real Estate Services",
    "peeringdb_id": "350",
    "state": "NJ"
  },
  "AEBTF": {
    "city": "Berlin",
    "coordinates": {
      "lat": "52.527509",
      "lon": "13.318852"
    },
    "country": "DE",
    "facility_name": "AtlasEdge DC Berlin BER001",
    "org_id": 19800,
    "org_name": "AtlasEdge",
    "peeringdb_id": "4073"
  },
  "AIMMN": {
    "city": "Kuala Lumpur",
    "coordinates": {
      "lat": "3.14969",
      "lon": "101.70634"
    },
    "country": "MY",
    "facility_name": "AIMS Kuala Lumpur",
    "org_id": 12427,
    "org_name": "AIMS Data Centre Sdn Bhd",
    "peeringdb_id": "460"
  },
  "ALN91": {
    "city": "Kapolei",
    "coordinates": {
      "lat": "21.335728",
      "lon": "-158.086738"
    },
    "country": "US",
    "facility_name": "AlohaNAP",
    "org_id": 14796,
    "org_name": "HAWAII PACIFIC DATA LLC",
    "peeringdb_id": "3149",
    "state": "HI"
  },
  "ATTC1": {
    "city": "Tokyo",
    "coordinates": {
      "lat": "35.645435",
      "lon": "139.793285"
    },
    "country": "JP",
    "facility_name": "AT TOKYO (CC1/CC2)",
    "org_id": 1209,
    "org_name": "AT TOKYO Corporation",
    "peeringdb_id": "738"
  },
  "BDC52": {
    "city": "Hamala",
    "coordinates": {
      "lat": "26.154542",
      "lon": "50.475258"
    },
    "country": "BH",
    "facility_name": "AWS Bahrain DC52 MMR",
    "org_id": 1520,
    "org_name": "Amazon.com, Inc.",
    "peeringdb_id": "8243"
  },
  "BDC53": {
    "city": "Askar",
    "coordinates": {
      "lat": "26.2285",
      "lon": "50.586"
    },
    "country": "BH",
    "facility_name": "AWS Bahrain DC53 MMR",
    "org_id": 1520,
    "org_name": "Amazon.com, Inc.",
    "peeringdb_id": "8242"
  },
  "CBHU2": {
    "city": "Hume",
    "coordinates": {
      "lat": "-35.388831",
      "lon": "149.1683"
    },
    "country": "AU",
    "facility_name": "CDC Canberra HU2",
    "org_id": 32729,
    "org_name": "CDC Data Centres",
    "peeringdb_id": "12416"
  },
  "CDSR1": {
    "city": "Milan",
    "coordinates": {
      "lat": "45.476394",
      "lon": "9.103571"
    },
    "country": "IT",
    "facility_name": "C21",
    "org_id": 7771,
    "org_name": "CDLAN SpA",
    "peeringdb_id": "3519"
  },
  "CEC50": {
    "city": "Prague",
    "coordinates": {
      "lat": "50.060164",
      "lon": "14.482978"
    },
    "country": "CZ",
    "facility_name": "CE Colo Prague",
    "org_id": 8089,
    "org_name": "CE Colo Czech s.r.o.",
    "peeringdb_id": "214"
  },
  "CFT52": {
    "city": "Taipei",
    "coordinates": {
      "lat": "25.073467",
      "lon": "121.577519"
    },
    "country": "TW",
    "facility_name": "Chief LY Building Taipei",
    "org_id": 8554,
    "org_name": "Chief Telecom Inc.",
    "peeringdb_id": "456"
  },
  "CFT53": {
    "city": "Taipei",
    "coordinates": {
      "lat": "25.074213",
      "lon": "121.576784"
    },
    "country": "TW",
    "facility_name": "Chief HD Building Taipei",
    "org_id": 8554,
    "org_name": "Chief Telecom Inc.",
    "peeringdb_id": "5678"
  },
  "CFT54": {
    "city": "Taipei",
    "coordinates": {
      "lat": "25.074213",
      "lon": "121.576784"
    },
    "country": "TW",
    "facility_name": "Chief HD Building Taipei",
    "org_id": 8554,
    "org_name": "Chief Telecom Inc.",
    "peeringdb_id": "5678"
  },
  "CGM60": {
    "city": "Montreal",
    "coordinates": {
      "lat": "45.497188",
      "lon": "-73.570471"
    },
    "country": "CA",
    "facility_name": "Cologix MTL3",
    "org_id": 7030,
    "org_name": "Cologix, Inc.",
    "peeringdb_id": "1944"
  },
  "CHT51": {
    "city": "New Taipei City",
    "coordinates": {
      "lat": "24.994866",
      "lon": "121.458263"
    },
    "country": "TW",
    "facility_name": "CHT Taipei Banqiao IDC",
    "org_id": 1023,
    "org_name": "Chunghwa Telecom Co., Ltd.",
    "peeringdb_id": "2886"
  },
  "CHT54": {
    "city": "New Taipei City",
    "coordinates": {
      "lat": "24.994866",
      "lon": "121.458263"
    },
    "country": "TW",
    "facility_name": "CHT Taipei Banqiao IDC",
    "org_id": 1023,
    "org_name": "Chunghwa Telecom Co., Ltd.",
    "peeringdb_id": "2886"
  },
  "CIBNA": {
    "city": "Buenos Aires",
    "coordinates": {
      "lat": "-34.590248",
      "lon": "-58.467164"
    },
    "country": "AR",
    "facility_name": "Cirion Buenos Aires - BUE1",
    "org_id": 35201,
    "org_name": "Cirion",
    "peeringdb_id": "1550"
  },
  "CILIM": {
    "city": "Santiago de Surco",
    "coordinates": {
      "lat": "-12.094823",
      "lon": "-76.973532"
    },
    "country": "PE",
    "facility_name": "Cirion Lima - LIM1",
    "org_id": 35201,
    "org_name": "Cirion",
    "peeringdb_id": "6248"
  },
  "CMCHV": {
    "city": "Hanoi",
    "coordinates": {
      "lat": "21.03042",
      "lon": "105.784363"
    },
    "country": "VN",
    "facility_name": "CMC Duy Tan (Hanoi)",
    "org_id": 8461,
    "org_name": "CMC Telecom",
    "peeringdb_id": "15938"
  },
  "COL67": {
    "city": "Columbus",
    "coordinates": {
      "lat": "40.116491",
      "lon": "-83.001985"
    },
    "country": "US",
    "facility_name": "Cologix COL2",
    "org_id": 7030,
    "org_name": "Cologix, Inc.",
    "peeringdb_id": "2378",
    "state": "OH"
  },
  "COLM3": {
    "city": "Minneapolis",
    "coordinates": {
      "lat": "44.971408",
      "lon": "-93.25458"
    },
    "country": "US",
    "facility_name": "Cologix MIN3",
    "org_id": 7030,
    "org_name": "Cologix, Inc.",
    "peeringdb_id": "3312",
    "state": "MN"
  },
  "COLV2": {
    "city": "Vancouver",
    "coordinates": {
      "lat": "49.286981",
      "lon": "-123.119579"
    },
    "country": "CA",
    "facility_name": "Cologix VAN2",
    "org_id": 7030,
    "org_name": "Cologix, Inc.",
    "peeringdb_id": "1881"
  },
  "COLV3": {
    "city": "Vancouver",
    "coordinates": {
      "lat": "49.259393",
      "lon": "-123.029619"
    },
    "country": "CA",
    "facility_name": "Cologix VAN3",
    "org_id": 7030,
    "org_name": "Cologix, Inc.",
    "peeringdb_id": "8060"
  },
  "CS32A": {
    "city": "New York",
    "coordinates": {
      "lat": "40.72",
      "lon": "-74.004561"
    },
    "country": "US",
    "facility_name": "CoreSite - New York (NY1)",
    "org_id": 34,
    "org_name": "CoreSite",
    "peeringdb_id": "670",
    "state": "NY"
  },
  "CSCH1": {
    "city": "Chicago",
    "coordinates": {
      "lat": "41.876212",
      "lon": "-87.631453"
    },
    "country": "US",
    "facility_name": "CoreSite - Chicago (CH1)",
    "org_id": 34,
    "org_name": "CoreSite",
    "peeringdb_id": "440",
    "state": "IL"
  },
  "CSDE1": {
    "city": "Denver",
    "coordinates": {
      "lat": "39.745636",
      "lon": "-104.995636"
    },
    "country": "US",
    "facility_name": "CoreSite - Denver (DE1)",
    "org_id": 34,
    "org_name": "CoreSite",
    "peeringdb_id": "389",
    "state": "CO"
  },
  "CSFX1": {
    "city": "Cyberjaya",
    "coordinates": {
      "lat": "2.913224",
      "lon": "101.655646"
    },
    "country": "MY",
    "facility_name": "CSF CX1 / TelcoHub1 Kuala Lumpur",
    "org_id": 7793,
    "org_name": "CSF Group",
    "peeringdb_id": "1279"
  },
  "CSOW": {
    "city": "Los Angeles",
    "coordinates": {
      "lat": "34.047942",
      "lon": "-118.255564"
    },
    "country": "US",
    "facility_name": "CoreSite - Los Angeles (LA1) One Wilshire",
    "org_id": 34,
    "org_name": "CoreSite",
    "peeringdb_id": "19",
    "state": "CA"
  },
  "CSSV2": {
    "city": "Milpitas",
    "coordinates": {
      "lat": "37.405693",
      "lon": "-121.916261"
    },
    "country": "US",
    "facility_name": "Coresite - Milpitas (SV2)",
    "org_id": 34,
    "org_name": "CoreSite",
    "peeringdb_id": "671",
    "state": "CA"
  },
  "CSSV4": {
    "city": "Santa Clara",
    "coordinates": {
      "lat": "37.376259",
      "lon": "-121.970705"
    },
    "country": "US",
    "facility_name": "CoreSite - Santa Clara (SV4)",
    "org_id": 34,
    "org_name": "CoreSite",
    "peeringdb_id": "1619",
    "state": "CA"
  },
  "CSVA1": {
    "city": "Reston",
    "coordinates": {
      "lat": "38.950631",
      "lon": "-77.364541"
    },
    "country": "US",
    "facility_name": "CoreSite - Reston (VA1)",
    "org_id": 34,
    "org_name": "CoreSite",
    "peeringdb_id": "668",
    "state": "VA"
  },
  "CYOA1": {
    "city": "Aurora",
    "coordinates": {
      "lat": "41.796754",
      "lon": "-88.24276"
    },
    "country": "US",
    "facility_name": "CyrusOne Aurora I",
    "org_id": 7625,
    "org_name": "CyrusOne Inc.",
    "peeringdb_id": "3143",
    "state": "IL"
  },
  "CYOW3": {
    "city": "Houston",
    "coordinates": {
      "lat": "29.844182",
      "lon": "-95.556656"
    },
    "country": "US",
    "facility_name": "Databank Houston West (HOU1) (HOU2)",
    "org_id": 2680,
    "org_name": "DataBank, Ltd.",
    "peeringdb_id": "1476",
    "state": "TX"
  },
  "DBLV1": {
    "city": "Las Vegas",
    "coordinates": {
      "lat": "36.059162",
      "lon": "-115.145989"
    },
    "country": "US",
    "facility_name": "DataBank Las Vegas (LAS1)",
    "org_id": 2680,
    "org_name": "DataBank, Ltd.",
    "peeringdb_id": "1594",
    "state": "NV"
  },
  "DCDH6": {
    "city": "Auckland",
    "coordinates": {
      "lat": "-36.740554",
      "lon": "174.728988"
    },
    "country": "NZ",
    "facility_name": "Datacom - Orbit Data Centre (Auckland)",
    "org_id": 19061,
    "org_name": "Datacom Data Centres Ltd",
    "peeringdb_id": "2024"
  },
  "DCIJ3": {
    "city": "Bekasi, Cibitung",
    "coordinates": {
      "lat": "-6.299731",
      "lon": "107.089244"
    },
    "country": "ID",
    "facility_name": "DCI Indonesia (JK3)",
    "org_id": 23644,
    "org_name": "DCI Indonesia",
    "peeringdb_id": "8169"
  },
  "DGPU1": {
    "city": "Oslo",
    "coordinates": {
      "lat": "59.924726",
      "lon": "10.810183"
    },
    "country": "NO",
    "facility_name": "STACK EMEA - OSL01",
    "org_id": 603,
    "org_name": "STACK EMEA - Nordics",
    "peeringdb_id": "345"
  },
  "EANB1": {
    "city": "Nairobi",
    "coordinates": {
      "lat": "-1.34014",
      "lon": "36.896534"
    },
    "country": "KE",
    "facility_name": "Africa Data Centres, Nairobi NBO1, Kenya",
    "org_id": 20800,
    "org_name": "Africa Data Centres",
    "peeringdb_id": "1964"
  },
  "ECPH1": {
    "city": "Tempe",
    "coordinates": {
      "lat": "33.395544",
      "lon": "-111.97012"
    },
    "country": "US",
    "facility_name": "EdgeConneX Phoenix (EDCPHX01)",
    "org_id": 8735,
    "org_name": "EdgeConneX Inc.",
    "peeringdb_id": "1917",
    "state": "AZ"
  },
  "ECPO1": {
    "city": "Hillsboro",
    "coordinates": {
      "lat": "45.548296",
      "lon": "-122.907473"
    },
    "country": "US",
    "facility_name": "EdgeConneX Portland (EDCPOR01)",
    "org_id": 8735,
    "org_name": "EdgeConneX Inc.",
    "peeringdb_id": "1922",
    "state": "OR"
  },
  "ECTL1": {
    "city": "Herzliya",
    "coordinates": {
      "lat": "32.052681",
      "lon": "34.770992"
    },
    "country": "IL",
    "facility_name": "EdgeConneX Tel Aviv (EDCTLV01)",
    "org_id": 8735,
    "org_name": "EdgeConneX Inc.",
    "peeringdb_id": "11734"
  },
  "EIRCL": {
    "city": "Dublin",
    "coordinates": {
      "lat": "53.400983",
      "lon": "-6.218081"
    },
    "country": "IE",
    "facility_name": "Eircom Dublin (Clonshaugh)",
    "org_id": 12494,
    "org_name": "eircom Ltd",
    "peeringdb_id": "2343"
  },
  "EPVM2": {
    "city": "Makati",
    "coordinates": {
      "lat": "14.564484",
      "lon": "121.022368"
    },
    "country": "PH",
    "facility_name": "VITRO Makati 2",
    "org_id": 18866,
    "org_name": "Vitro Inc.",
    "peeringdb_id": "4809"
  },
  "EQAM3": {
    "city": "Amsterdam",
    "coordinates": {
      "lat": "52.354686",
      "lon": "4.958827"
    },
    "country": "NL",
    "facility_name": "Equinix AM3 - Amsterdam, Science Park",
    "org_id": 2,
    "org_name": "Equinix, Inc.",
    "peeringdb_id": "1320"
  },
  "EQBA1": {
    "city": "Barcelona",
    "coordinates": {
      "lat": "41.351557",
      "lon": "2.137457"
    },
    "country": "ES",
    "facility_name": "Equinix BA1 - Barcelona",
    "org_id": 2,
    "org_name": "Equinix, Inc.",
    "peeringdb_id": "122"
  },
  "EQBG1": {
    "city": "Bogota",
    "coordinates": {
      "lat": "4.671384",
      "lon": "-74.156026"
    },
    "country": "CO",
    "facility_name": "Equinix BG1 - Bogota",
    "org_id": 2,
    "org_name": "Equinix, Inc.",
    "peeringdb_id": "1354"
  },
  "EQC50": {
    "city": "Chicago",
    "coordinates": {
      "lat": "41.85365",
      "lon": "-87.618342"
    },
    "country": "US",
    "facility_name": "Equinix CH1/CH2/CH4 - Chicago",
    "org_id": 2,
    "org_name": "Equinix, Inc.",
    "peeringdb_id": "7",
    "state": "IL"
  },
  "EQCL1": {
    "city": "Calgary",
    "coordinates": {
      "lat": "51.045517",
      "lon": "-114.069297"
    },
    "country": "CA",
    "facility_name": "Equinix CL1 - Calgary",
    "org_id": 2,
    "org_name": "Equinix, Inc.",
    "peeringdb_id": "9553"
  },
  "EQCL3": {
    "city": "Calgary",
    "coordinates": {
      "lat": "50.976971",
      "lon": "-113.956677"
    },
    "country": "CA",
    "facility_name": "Equinix CL3 - Calgary (formerly Q9 Calgary Three)",
    "org_id": 2,
    "org_name": "Equinix, Inc.",
    "peeringdb_id": "3251"
  },
  "EQDA2": {
    "city": "Dallas",
    "coordinates": {
      "lat": "32.800748",
      "lon": "-96.819412"
    },
    "country": "US",
    "facility_name": "Equinix DA - Dallas (previously Infomart Dallas)",
    "org_id": 2,
    "org_name": "Equinix, Inc.",
    "peeringdb_id": "505",
    "state": "TX"
  },
  "EQDC2": {
    "city": "Ashburn",
    "coordinates": {
      "lat": "39.016363",
      "lon": "-77.459023"
    },
    "country": "US",
    "facility_name": "Equinix DC1-DC15, DC21 - Ashburn",
    "org_id": 2,
    "org_name": "Equinix, Inc.",
    "peeringdb_id": "1",
    "state": "VA"
  },
  "EQDX1": {
    "city": "Dubai",
    "coordinates": {
      "lat": "25.02618",
      "lon": "55.18695"
    },
    "country": "AE",
    "facility_name": "Equinix DX1 - Dubai",
    "org_id": 2,
    "org_name": "Equinix, Inc.",
    "peeringdb_id": "1355"
  },
  "EQFA5": {
    "city": "Frankfurt",
    "coordinates": {
      "lat": "50.09885",
      "lon": "8.632004"
    },
    "country": "DE",
    "facility_name": "Equinix FR5 - Frankfurt, KleyerStrasse",
    "org_id": 2,
    "org_name": "Equinix, Inc.",
    "peeringdb_id": "60"
  },
  "EQHE6": {
    "city": "Espoo",
    "coordinates": {
      "lat": "60.203031",
      "lon": "24.777861"
    },
    "country": "FI",
    "facility_name": "Equinix HE6 - Helsinki, Sinim\u00e4ki",
    "org_id": 2,
    "org_name": "Equinix, Inc.",
    "peeringdb_id": "2516"
  },
  "EQHK1": {
    "city": "Tsuen Wan",
    "coordinates": {
      "lat": "22.365581",
      "lon": "114.11932"
    },
    "country": "HK",
    "facility_name": "Equinix HK1 - Hong Kong",
    "org_id": 2,
    "org_name": "Equinix, Inc.",
    "peeringdb_id": "170"
  },
  "EQIL4": {
    "city": "Istanbul",
    "coordinates": {
      "lat": "41.008655",
      "lon": "29.156655"
    },
    "country": "TR",
    "facility_name": "Equinix IL4 - Istanbul",
    "org_id": 2,
    "org_name": "Equinix, Inc.",
    "peeringdb_id": "15498"
  },
  "EQLA3": {
    "city": "El Segundo",
    "coordinates": {
      "lat": "33.921239",
      "lon": "-118.383778"
    },
    "country": "US",
    "facility_name": "Equinix LA3/LA4 - Los Angeles, El Segundo",
    "org_id": 2,
    "org_name": "Equinix, Inc.",
    "peeringdb_id": "333",
    "state": "CA"
  },
  "EQLD5": {
    "city": "Slough",
    "coordinates": {
      "lat": "51.522463",
      "lon": "-0.62905"
    },
    "country": "GB",
    "facility_name": "Equinix LD5 - London, Slough",
    "org_id": 2,
    "org_name": "Equinix, Inc.",
    "peeringdb_id": "832"
  },
  "EQLS1": {
    "city": "Lisbon",
    "coordinates": {
      "lat": "38.787919",
      "lon": "-9.123454"
    },
    "country": "PT",
    "facility_name": "Equinix LS1 - Lisbon",
    "org_id": 2,
    "org_name": "Equinix, Inc.",
    "peeringdb_id": "126"
  },
  "EQMA3": {
    "city": "Manchester",
    "coordinates": {
      "lat": "53.468674",
      "lon": "-2.310421"
    },
    "country": "GB",
    "facility_name": "Equinix MA3 - Manchester, Joule House",
    "org_id": 2,
    "org_name": "Equinix, Inc.",
    "peeringdb_id": "1403"
  },
  "EQMB2": {
    "city": "Mumbai",
    "coordinates": {
      "lat": "19.109353",
      "lon": "72.901441"
    },
    "country": "IN",
    "facility_name": "Equinix MB2 - Mumbai (GPX Mumbai 2)",
    "org_id": 2,
    "org_name": "Equinix, Inc.",
    "peeringdb_id": "7377"
  },
  "EQMC1": {
    "city": "Muscat",
    "coordinates": {
      "lat": "23.7280664",
      "lon": "57.7950975"
    },
    "country": "OM",
    "facility_name": "Equinix MC1 - Muscat",
    "org_id": 2,
    "org_name": "Equinix, Inc.",
    "peeringdb_id": "9339"
  },
  "EQME2": {
    "city": "Melbourne",
    "coordinates": {
      "lat": "-37.821681",
      "lon": "144.915458"
    },
    "country": "AU",
    "facility_name": "Equinix ME1/ME2 - Melbourne",
    "org_id": 2,
    "org_name": "Equinix, Inc.",
    "peeringdb_id": "1988"
  },
  "EQMI1": {
    "city": "Miami",
    "coordinates": {
      "lat": "25.782648",
      "lon": "-80.193157"
    },
    "country": "US",
    "facility_name": "Equinix MI1 - Miami, NOTA",
    "org_id": 2,
    "org_name": "Equinix, Inc.",
    "peeringdb_id": "15",
    "state": "FL"
  },
  "EQML2": {
    "city": "Milan",
    "coordinates": {
      "lat": "45.448684",
      "lon": "9.147436"
    },
    "country": "IT",
    "facility_name": "Equinix ML2 - Milan, Savona",
    "org_id": 2,
    "org_name": "Equinix, Inc.",
    "peeringdb_id": "884"
  },
  "EQMU1": {
    "city": "Munich",
    "coordinates": {
      "lat": "48.143056",
      "lon": "11.55584"
    },
    "country": "DE",
    "facility_name": "Equinix MU1/MU3 - Munich",
    "org_id": 2,
    "org_name": "Equinix, Inc.",
    "peeringdb_id": "480"
  },
  "EQMX1": {
    "city": "El Marques",
    "coordinates": {
      "lat": "20.556925",
      "lon": "-100.277833"
    },
    "country": "MX",
    "facility_name": "Equinix MX1/MX2 - Mexico City",
    "org_id": 2,
    "org_name": "Equinix, Inc.",
    "peeringdb_id": "8434"
  },
  "EQNY5": {
    "city": "Secaucus",
    "coordinates": {
      "lat": "40.778534",
      "lon": "-74.072237"
    },
    "country": "US",
    "facility_name": "Equinix NY2/NY4/NY5/NY6 - New York, Secaucus",
    "org_id": 2,
    "org_name": "Equinix, Inc.",
    "peeringdb_id": "36",
    "state": "NJ"
  },
  "EQOS1": {
    "city": "Osaka",
    "coordinates": {
      "lat": "34.675774",
      "lon": "135.495551"
    },
    "country": "JP",
    "facility_name": "Equinix OS1 - Osaka",
    "org_id": 2,
    "org_name": "Equinix, Inc.",
    "peeringdb_id": "1791"
  },
  "EQPA3": {
    "city": "Paris",
    "coordinates": {
      "lat": "48.927166",
      "lon": "2.350664"
    },
    "country": "FR",
    "facility_name": "Equinix PA3 - Paris, Saint-Denis",
    "org_id": 2,
    "org_name": "Equinix, Inc.",
    "peeringdb_id": "717"
  },
  "EQRJ2": {
    "city": "Rio de Janeiro",
    "coordinates": {
      "lat": "-22.871261",
      "lon": "-43.272742"
    },
    "country": "BR",
    "facility_name": "Equinix RJ2 - Rio de Janeiro",
    "org_id": 2,
    "org_name": "Equinix, Inc.",
    "peeringdb_id": "1899"
  },
  "EQSE2": {
    "city": "Seattle",
    "coordinates": {
      "lat": "47.614358",
      "lon": "-122.338864"
    },
    "country": "US",
    "facility_name": "Equinix SE2/SE3 - Seattle",
    "org_id": 2,
    "org_name": "Equinix, Inc.",
    "peeringdb_id": "86",
    "state": "WA"
  },
  "EQSG2": {
    "city": "Singapore",
    "coordinates": {
      "lat": "1.321502",
      "lon": "103.695359"
    },
    "country": "SG",
    "facility_name": "Equinix SG2 - Singapore",
    "org_id": 2,
    "org_name": "Equinix, Inc.",
    "peeringdb_id": "705"
  },
  "EQSK1": {
    "city": "Stockholm",
    "coordinates": {
      "lat": "59.362574",
      "lon": "17.955657"
    },
    "country": "SE",
    "facility_name": "Equinix SK1 - Stockholm, Bromma",
    "org_id": 2,
    "org_name": "Equinix, Inc.",
    "peeringdb_id": "156"
  },
  "EQSV5": {
    "city": "San Jose",
    "coordinates": {
      "lat": "37.241767",
      "lon": "-121.782967"
    },
    "country": "US",
    "facility_name": "Equinix SV1/SV5/SV10 - Silicon Valley, San Jose",
    "org_id": 2,
    "org_name": "Equinix, Inc.",
    "peeringdb_id": "6",
    "state": "CA"
  },
  "EQSY3": {
    "city": "Sydney",
    "coordinates": {
      "lat": "-33.911776",
      "lon": "151.192942"
    },
    "country": "AU",
    "facility_name": "Equinix SY3 - Sydney",
    "org_id": 2,
    "org_name": "Equinix, Inc.",
    "peeringdb_id": "1605"
  },
  "EQTR2": {
    "city": "Toronto",
    "coordinates": {
      "lat": "43.650854",
      "lon": "-79.361951"
    },
    "country": "CA",
    "facility_name": "Equinix TR2 - Toronto",
    "org_id": 2,
    "org_name": "Equinix, Inc.",
    "peeringdb_id": "2206"
  },
  "EQTY2": {
    "city": "Tokyo",
    "coordinates": {
      "lat": "35.617432",
      "lon": "139.748106"
    },
    "country": "JP",
    "facility_name": "Equinix TY2 - Tokyo",
    "org_id": 2,
    "org_name": "Equinix, Inc.",
    "peeringdb_id": "452"
  },
  "EQWA1": {
    "city": "Warsaw",
    "coordinates": {
      "lat": "52.227354",
      "lon": "21.003357"
    },
    "country": "PL",
    "facility_name": "Equinix WA1 - Warsaw, Centrum LIM",
    "org_id": 2,
    "org_name": "Equinix, Inc.",
    "peeringdb_id": "509"
  },
  "EQZH5": {
    "city": "Zurich",
    "coordinates": {
      "lat": "47.405667",
      "lon": "8.46174"
    },
    "country": "CH",
    "facility_name": "Equinix ZH5 - Zurich, South",
    "org_id": 2,
    "org_name": "Equinix, Inc.",
    "peeringdb_id": "1515"
  },
  "ETIFJ": {
    "city": "Fujairah",
    "coordinates": {
      "lat": "25.131143",
      "lon": "56.336378"
    },
    "country": "AE",
    "facility_name": "SmartHub Fujairah",
    "org_id": 7648,
    "org_name": "Etisalat",
    "peeringdb_id": "1493"
  },
  "GBSY6": {
    "city": "Silverwater",
    "coordinates": {
      "lat": "-33.836684",
      "lon": "151.053282"
    },
    "country": "AU",
    "facility_name": "Equinix SY6 - Sydney (formerly Metronode Sydney 2)",
    "org_id": 2,
    "org_name": "Equinix, Inc.",
    "peeringdb_id": "2474"
  },
  "GPX51": {
    "city": "Mumbai",
    "coordinates": {
      "lat": "19.113908",
      "lon": "72.892742"
    },
    "country": "IN",
    "facility_name": "Equinix MB1 - Mumbai (GPX Mumbai 1)",
    "org_id": 2,
    "org_name": "Equinix, Inc.",
    "peeringdb_id": "2310"
  },
  "GSS52": {
    "city": "Singapore",
    "coordinates": {
      "lat": "1.336723",
      "lon": "103.893828"
    },
    "country": "SG",
    "facility_name": "Global Switch Singapore",
    "org_id": 77,
    "org_name": "Global Switch",
    "peeringdb_id": "388"
  },
  "IAMGI": {
    "city": "Hong Kong",
    "coordinates": {
      "lat": "22.266098",
      "lon": "114.246512"
    },
    "country": "HK",
    "facility_name": "MEGA-i (iAdvantage Hong Kong)",
    "org_id": 12354,
    "org_name": "iAdvantage Hong Kong",
    "peeringdb_id": "225"
  },
  "INX6": {
    "city": "Frankfurt",
    "coordinates": {
      "lat": "50.11967",
      "lon": "8.73463"
    },
    "country": "DE",
    "facility_name": "Digital Realty Frankfurt FRA1-16",
    "org_id": 8592,
    "org_name": "Digital Realty",
    "peeringdb_id": "58"
  },
  "IPB50": {
    "city": "Berlin",
    "coordinates": {
      "lat": "52.50192",
      "lon": "13.36945"
    },
    "country": "DE",
    "facility_name": "CarrierColo Berlin Luetzow (I/P/B/ site B)",
    "org_id": 797,
    "org_name": "IPB Internet Provider in Berlin GmbH",
    "peeringdb_id": "445"
  },
  "IPBTF": {
    "city": "Berlin",
    "coordinates": {
      "lat": "52.50192",
      "lon": "13.36945"
    },
    "country": "DE",
    "facility_name": "CarrierColo Berlin Luetzow (I/P/B/ site B)",
    "org_id": 797,
    "org_name": "IPB Internet Provider in Berlin GmbH",
    "peeringdb_id": "445"
  },
  "IPHH3": {
    "city": "Hamburg",
    "coordinates": {
      "lat": "53.550998",
      "lon": "10.03825"
    },
    "country": "DE",
    "facility_name": "Portus/IPHH HH3 (Wendenstrasse 251)",
    "org_id": 1263,
    "org_name": "Portus Data Centers Company",
    "peeringdb_id": "7274"
  },
  "ITCM2": {
    "city": "Alcobendas",
    "coordinates": {
      "lat": "40.536855",
      "lon": "-3.648584"
    },
    "country": "ES",
    "facility_name": "Equinix MD2 - Madrid",
    "org_id": 2,
    "org_name": "Equinix, Inc.",
    "peeringdb_id": "127"
  },
  "ITXA1": {
    "city": "Koropi",
    "coordinates": {
      "lat": "37.871339",
      "lon": "23.870251"
    },
    "country": "GR",
    "facility_name": "Digital Realty Athens Campus (ATH1, ATH2, ATH3)",
    "org_id": 8592,
    "org_name": "Digital Realty",
    "peeringdb_id": "1949"
  },
  "ITXA7": {
    "city": "Amsterdam",
    "coordinates": {
      "lat": "52.28415",
      "lon": "4.770855"
    },
    "country": "NL",
    "facility_name": "Digital Realty Amsterdam AMS3, AMS5-8, AMS10",
    "org_id": 8592,
    "org_name": "Digital Realty",
    "peeringdb_id": "64"
  },
  "ITXC2": {
    "city": "Copenhagen",
    "coordinates": {
      "lat": "55.728092",
      "lon": "12.377482"
    },
    "country": "DK",
    "facility_name": "Digital Realty Copenhagen CPH1-3",
    "org_id": 8592,
    "org_name": "Digital Realty",
    "peeringdb_id": "148"
  },
  "ITXD2": {
    "city": "Dublin",
    "coordinates": {
      "lat": "53.334251",
      "lon": "-6.365538"
    },
    "country": "IE",
    "facility_name": "Digital Realty Dublin DUB1-2",
    "org_id": 8592,
    "org_name": "Digital Realty",
    "peeringdb_id": "177"
  },
  "ITXM1": {
    "city": "Marseille",
    "coordinates": {
      "lat": "43.310818",
      "lon": "5.373865"
    },
    "country": "FR",
    "facility_name": "Digital Realty Marseille MRS1-3",
    "org_id": 8592,
    "org_name": "Digital Realty",
    "peeringdb_id": "226"
  },
  "ITXM2": {
    "city": "Madrid",
    "coordinates": {
      "lat": "40.439323",
      "lon": "-3.621211"
    },
    "country": "ES",
    "facility_name": "Digital Realty Madrid MAD1-2",
    "org_id": 8592,
    "org_name": "Digital Realty",
    "peeringdb_id": "130"
  },
  "ITXM3": {
    "city": "Madrid",
    "coordinates": {
      "lat": "40.433899",
      "lon": "-3.62408"
    },
    "country": "ES",
    "facility_name": "Digital Realty Madrid MAD3",
    "org_id": 8592,
    "org_name": "Digital Realty",
    "peeringdb_id": "7414"
  },
  "ITXP7": {
    "city": "Paris",
    "coordinates": {
      "lat": "48.924907",
      "lon": "2.403"
    },
    "country": "FR",
    "facility_name": "Digital Realty Paris PAR7",
    "org_id": 8592,
    "org_name": "Digital Realty",
    "peeringdb_id": "1536"
  },
  "ITXS1": {
    "city": "Stockholm",
    "coordinates": {
      "lat": "59.422226",
      "lon": "17.916696"
    },
    "country": "SE",
    "facility_name": "Digital Realty Stockholm STO1-6",
    "org_id": 8592,
    "org_name": "Digital Realty",
    "peeringdb_id": "208"
  },
  "ITXV2": {
    "city": "Vienna",
    "coordinates": {
      "lat": "48.269027",
      "lon": "16.410613"
    },
    "country": "AT",
    "facility_name": "Digital Realty Vienna VIE1-2",
    "org_id": 8592,
    "org_name": "Digital Realty",
    "peeringdb_id": "67"
  },
  "ITXZ1": {
    "city": "Glattbrugg",
    "coordinates": {
      "lat": "47.432702",
      "lon": "8.557273"
    },
    "country": "CH",
    "facility_name": "Digital Realty Zurich ZUR1",
    "org_id": 8592,
    "org_name": "Digital Realty",
    "peeringdb_id": "81"
  },
  "JKT02": {
    "city": "Jakarta",
    "coordinates": {
      "lat": "-6.237998",
      "lon": "106.823452"
    },
    "country": "ID",
    "facility_name": "NTT Jakarta 2 Data Center (JKT2)",
    "org_id": 491,
    "org_name": "NTT DATA's Global Data Centers division",
    "peeringdb_id": "5865"
  },
  "KDOS2": {
    "city": "Osaka",
    "coordinates": {
      "lat": "34.693119",
      "lon": "135.534371"
    },
    "country": "JP",
    "facility_name": "Telehouse \u2013 OSAKA 1&2",
    "org_id": 7,
    "org_name": "Telehouse - Global Data Centers",
    "peeringdb_id": "3068"
  },
  "KIOQ1": {
    "city": "El Marques",
    "coordinates": {
      "lat": "20.567915",
      "lon": "-100.254141"
    },
    "country": "MX",
    "facility_name": "KIO Quer\u00e9taro 1 (QRO1)",
    "org_id": 17983,
    "org_name": "KIO",
    "peeringdb_id": "1778"
  },
  "LGKNX": {
    "city": "Seoul",
    "coordinates": {
      "lat": "37.482096",
      "lon": "126.879733"
    },
    "country": "KR",
    "facility_name": "KINX Gasan",
    "org_id": 113,
    "org_name": "KINX Inc.",
    "peeringdb_id": "7674"
  },
  "LGT50": {
    "city": "Philadelphia",
    "coordinates": {
      "lat": "39.959668",
      "lon": "-75.161377"
    },
    "country": "US",
    "facility_name": "Crown Castle Philadelphia (401 N Broad)",
    "org_id": 15332,
    "org_name": "Crown Castle Inc.",
    "peeringdb_id": "3482",
    "state": "PA"
  },
  "LGU57": {
    "city": "Anyang-si",
    "coordinates": {
      "lat": "37.397891",
      "lon": "126.9648961"
    },
    "country": "KR",
    "facility_name": "LG Uplus Pyeongchon IDC",
    "org_id": 6734,
    "org_name": "LG Uplus Corp.",
    "peeringdb_id": "7573"
  },
  "MB1SD": {
    "city": "Boston",
    "coordinates": {
      "lat": "42.354692",
      "lon": "-71.060266"
    },
    "country": "US",
    "facility_name": "Markley Group One Summer Street Boston",
    "org_id": 373,
    "org_name": "Markley Group, LLC",
    "peeringdb_id": "219",
    "state": "MA"
  },
  "MOILH": {
    "city": "Tirat Carmel",
    "coordinates": {
      "lat": "32.770949",
      "lon": "34.966486"
    },
    "country": "IL",
    "facility_name": "MedOne TC1, TC2, TC3 (Tirat Carmel)",
    "org_id": 34214,
    "org_name": "Med-1 IC-1 (1999) LTD.",
    "peeringdb_id": "7177"
  },
  "NDCB2": {
    "city": "Fortitude Valley",
    "coordinates": {
      "lat": "-27.453902",
      "lon": "153.0332"
    },
    "country": "AU",
    "facility_name": "NEXTDC B2",
    "org_id": 7093,
    "org_name": "NEXTDC",
    "peeringdb_id": "4688"
  },
  "NDCC1": {
    "city": "Bruce",
    "coordinates": {
      "lat": "-35.245308",
      "lon": "149.096242"
    },
    "country": "AU",
    "facility_name": "NEXTDC C1",
    "org_id": 7093,
    "org_name": "NEXTDC",
    "peeringdb_id": "1162"
  },
  "NDCM1": {
    "city": "Melbourne",
    "coordinates": {
      "lat": "-37.821705",
      "lon": "144.931061"
    },
    "country": "AU",
    "facility_name": "NEXTDC M1",
    "org_id": 7093,
    "org_name": "NEXTDC",
    "peeringdb_id": "1339"
  },
  "NDCP1": {
    "city": "M\u00e1laga",
    "coordinates": {
      "lat": "-31.864402",
      "lon": "115.895935"
    },
    "country": "AU",
    "facility_name": "NEXTDC P1",
    "org_id": 7093,
    "org_name": "NEXTDC",
    "peeringdb_id": "1940"
  },
  "NDCS2": {
    "city": "Macquarie Park",
    "coordinates": {
      "lat": "-33.785125",
      "lon": "151.125301"
    },
    "country": "AU",
    "facility_name": "NEXTDC S2",
    "org_id": 7093,
    "org_name": "NEXTDC",
    "peeringdb_id": "6792"
  },
  "NEIN2": {
    "city": "Inzai-shi",
    "coordinates": {
      "lat": "35.808986",
      "lon": "140.117527"
    },
    "country": "JP",
    "facility_name": "SCSK netXDC (SI1/SI2/SI3)/NEC Inzai DC",
    "org_id": 8422,
    "org_name": "SCSK Corporation",
    "peeringdb_id": "9596"
  },
  "NMBL2": {
    "city": "Bangalore",
    "coordinates": {
      "lat": "12.839551",
      "lon": "77.662274"
    },
    "country": "IN",
    "facility_name": "Netmagic Bangalore DC02",
    "org_id": 10364,
    "org_name": "NTTCINS",
    "peeringdb_id": "7988"
  },
  "NPKC1": {
    "city": "Kansas City",
    "coordinates": {
      "lat": "39.100941",
      "lon": "-94.581036"
    },
    "country": "US",
    "facility_name": "Netrality Kansas City - 1102 Grand",
    "org_id": 13880,
    "org_name": "Netrality Data Centers",
    "peeringdb_id": "435",
    "state": "MO"
  },
  "NTM62": {
    "city": "Montreal",
    "coordinates": {
      "lat": "45.501394",
      "lon": "-73.56192"
    },
    "country": "CA",
    "facility_name": "eStruxture MTL-1",
    "org_id": 2520,
    "org_name": "eStruxture Data Centers Inc.",
    "peeringdb_id": "1885"
  },
  "PEH51": {
    "city": "Portland",
    "coordinates": {
      "lat": "45.521366",
      "lon": "-122.680792"
    },
    "country": "US",
    "facility_name": "The Pittock",
    "org_id": 29970,
    "org_name": "1547 Critical Systems Realty",
    "peeringdb_id": "275",
    "state": "OR"
  },
  "PNP51": {
    "city": "Phoenix",
    "coordinates": {
      "lat": "33.41601",
      "lon": "-112.009445"
    },
    "country": "US",
    "facility_name": "PhoenixNAP",
    "org_id": 3061,
    "org_name": "PhoenixNAP",
    "peeringdb_id": "917",
    "state": "AZ"
  },
  "QTDC2": {
    "city": "Atlanta",
    "coordinates": {
      "lat": "33.777526",
      "lon": "-84.421036"
    },
    "country": "US",
    "facility_name": "QTS Atlanta-Metro (ATL1)",
    "org_id": 13077,
    "org_name": "QTS Realty Trust, Inc.",
    "peeringdb_id": "581",
    "state": "GA"
  },
  "QTS52": {
    "city": "Chicago",
    "coordinates": {
      "lat": "41.841895",
      "lon": "-87.668306"
    },
    "country": "US",
    "facility_name": "QTS Chicago (CHI1)",
    "org_id": 13077,
    "org_name": "QTS Realty Trust, Inc.",
    "peeringdb_id": "3362",
    "state": "IL"
  },
  "RCL1": {
    "city": "Ikeja",
    "coordinates": {
      "lat": "6.597527",
      "lon": "3.373062"
    },
    "country": "NG",
    "facility_name": "Rack Centre Lagos",
    "org_id": 17963,
    "org_name": "Rack Centre Limited",
    "peeringdb_id": "4411"
  },
  "SCDB9": {
    "city": "Dublin",
    "coordinates": {
      "lat": "53.412959",
      "lon": "-6.373212"
    },
    "country": "IE",
    "facility_name": "Servecentric (Blanchardstown)",
    "org_id": 290,
    "org_name": "ServeCentric Ltd. (Blanchardstown)",
    "peeringdb_id": "5901"
  },
  "SFY52": {
    "city": "Navi Mumbai",
    "coordinates": {
      "lat": "19.147451",
      "lon": "73.014195"
    },
    "country": "IN",
    "facility_name": "Sify Rabale - Mumbai",
    "org_id": 2199,
    "org_name": "Sify Technologies Limited",
    "peeringdb_id": "2465"
  },
  "SNAP": {
    "city": "Las Vegas",
    "coordinates": {
      "lat": "36.059914",
      "lon": "-115.210194"
    },
    "country": "US",
    "facility_name": "Switch Las Vegas",
    "org_id": 483,
    "org_name": "Switch, Ltd.",
    "peeringdb_id": "770",
    "state": "NV"
  },
  "SONQU": {
    "city": "Santiago",
    "coordinates": {
      "lat": "-33.35628",
      "lon": "-70.698912"
    },
    "country": "CL",
    "facility_name": "SONDA - Quilicura",
    "org_id": 29607,
    "org_name": "SONDA S.A.",
    "peeringdb_id": "10697"
  },
  "SPK53": {
    "city": "Auckland",
    "coordinates": {
      "lat": "-36.854324",
      "lon": "174.764384"
    },
    "country": "NZ",
    "facility_name": "Mayoral Drive Exchange (MDR)",
    "org_id": 18244,
    "org_name": "Spark New Zealand Trading Limited",
    "peeringdb_id": "1523"
  },
  "T5ALA": {
    "city": "El Segundo",
    "coordinates": {
      "lat": "33.921614",
      "lon": "-118.386551"
    },
    "country": "US",
    "facility_name": "Serverfarm LAX1 Los Angeles",
    "org_id": 16352,
    "org_name": "Serverfarm",
    "peeringdb_id": "4952",
    "state": "CA"
  },
  "TCCBK": {
    "city": "Bangkok",
    "coordinates": {
      "lat": "13.663651",
      "lon": "100.651345"
    },
    "country": "TH",
    "facility_name": "TCC Technology Data Center- Bangkok,Thailand (TCC BNDC,TCC Bangna,TCCtech)",
    "org_id": 921,
    "org_name": "TCC Technology Co., Ltd",
    "peeringdb_id": "4139"
  },
  "TCDC1": {
    "city": "Chennai",
    "coordinates": {
      "lat": "13.068351",
      "lon": "80.278869"
    },
    "country": "IN",
    "facility_name": "STT Chennai 1",
    "org_id": 15538,
    "org_name": "ST Telemedia Global Data Centres (STT GDC)",
    "peeringdb_id": "6778"
  },
  "TCDE2": {
    "city": "Delhi",
    "coordinates": {
      "lat": "28.541514",
      "lon": "77.240201"
    },
    "country": "IN",
    "facility_name": "STT Delhi 2",
    "org_id": 15538,
    "org_name": "ST Telemedia Global Data Centres (STT GDC)",
    "peeringdb_id": "6786"
  },
  "TCDK1": {
    "city": "Kolkata",
    "coordinates": {
      "lat": "22.588218",
      "lon": "88.392964"
    },
    "country": "IN",
    "facility_name": "STT Kolkata 1",
    "org_id": 15538,
    "org_name": "ST Telemedia Global Data Centres (STT GDC)",
    "peeringdb_id": "6780"
  },
  "TCHY1": {
    "city": "Hyderabad",
    "coordinates": {
      "lat": "17.441478",
      "lon": "78.377811"
    },
    "country": "IN",
    "facility_name": "STT Hyderabad 1",
    "org_id": 15538,
    "org_name": "ST Telemedia Global Data Centres (STT GDC)",
    "peeringdb_id": "6781"
  },
  "TCSH": {
    "city": "London",
    "coordinates": {
      "lat": "51.499819",
      "lon": "-0.010775"
    },
    "country": "GB",
    "facility_name": "Digital Realty London LHR20",
    "org_id": 8592,
    "org_name": "Digital Realty",
    "peeringdb_id": "40"
  },
  "TECT1": {
    "city": "Cape Town",
    "coordinates": {
      "lat": "-33.970872",
      "lon": "18.465223"
    },
    "country": "ZA",
    "facility_name": "Teraco CT1 Cape Town, South Africa",
    "org_id": 6798,
    "org_name": "Teraco Data Environments Pty Ltd",
    "peeringdb_id": "1225"
  },
  "TEJB1": {
    "city": "Johannesburg",
    "coordinates": {
      "lat": "-26.137957",
      "lon": "28.197517"
    },
    "country": "ZA",
    "facility_name": "Teraco Johannesburg Campus, South Africa",
    "org_id": 6798,
    "org_name": "Teraco Data Environments Pty Ltd",
    "peeringdb_id": "850"
  },
  "THNO2": {
    "city": "London",
    "coordinates": {
      "lat": "51.511776",
      "lon": "-0.002927"
    },
    "country": "GB",
    "facility_name": "Telehouse - London (Docklands West)",
    "org_id": 7,
    "org_name": "Telehouse - Global Data Centers",
    "peeringdb_id": "835"
  },
  "THRA9": {
    "city": "Bangkok",
    "coordinates": {
      "lat": "13.75161",
      "lon": "100.57305"
    },
    "country": "TH",
    "facility_name": "Telehouse \u2013 Bangkok",
    "org_id": 7,
    "org_name": "Telehouse - Global Data Centers",
    "peeringdb_id": "13618"
  },
  "THV52": {
    "city": "Paris",
    "coordinates": {
      "lat": "48.856654",
      "lon": "2.38532"
    },
    "country": "FR",
    "facility_name": "Telehouse - Paris 2 (Voltaire - L\u00e9on Frot)",
    "org_id": 7,
    "org_name": "Telehouse - Global Data Centers",
    "peeringdb_id": "53"
  },
  "TIVIT": {
    "city": "S\u00e3o Paulo",
    "coordinates": {
      "lat": "-23.65071",
      "lon": "-46.720519"
    },
    "country": "BR",
    "facility_name": "TIVIT Sao Paulo",
    "org_id": 6993,
    "org_name": "TIVIT",
    "peeringdb_id": "1325"
  },
  "TLLPJ": {
    "city": "Ashburn",
    "coordinates": {
      "lat": "39.001795",
      "lon": "-77.47841"
    },
    "country": "US",
    "facility_name": "Digital Realty IAD (44100 Digital Loudoun)",
    "org_id": 8592,
    "org_name": "Digital Realty",
    "peeringdb_id": "4745",
    "state": "VA"
  },
  "TLS10": {
    "city": "Mapo-gu",
    "coordinates": {
      "lat": "37.582162",
      "lon": "126.886128"
    },
    "country": "KR",
    "facility_name": "Digital Realty ICN10 - Seoul",
    "org_id": 8592,
    "org_name": "Digital Realty",
    "peeringdb_id": "9210"
  },
  "TLXA1": {
    "city": "Atlanta",
    "coordinates": {
      "lat": "33.755456",
      "lon": "-84.39153"
    },
    "country": "US",
    "facility_name": "Digital Realty ATL (56 Marietta)",
    "org_id": 8592,
    "org_name": "Digital Realty",
    "peeringdb_id": "125",
    "state": "GA"
  },
  "TNDB": {
    "city": "Barueri",
    "coordinates": {
      "lat": "-23.497589",
      "lon": "-46.814577"
    },
    "country": "BR",
    "facility_name": "Equinix SP4 - S\u00e3o Paulo",
    "org_id": 2,
    "org_name": "Equinix, Inc.",
    "peeringdb_id": "165"
  },
  "TPS19": {
    "city": "Seattle",
    "coordinates": {
      "lat": "47.619446",
      "lon": "-122.34811"
    },
    "country": "US",
    "facility_name": "TierPoint Seattle",
    "org_id": 882,
    "org_name": "TierPoint, LLC",
    "peeringdb_id": "8599",
    "state": "WA"
  }
}